{"train_runtime": 4940.4687, "train_samples_per_second": 85.498, "train_steps_per_second": 1.214, "total_flos": 1.175814144e+16, "train_loss": [0.012328109741210937], "epoch": 1090.91, "train_samples": 1}